Suburbs,Latitude,Longitude
Addison,41.93407000000008,-87.99349999999998
Algonquin,42.164390000000026,-88.32685999999995
Antioch,42.478980000000035,-88.09637999999995
Arlington Heights,42.08729000000005,-87.98043999999999
Aurora,41.75710000000004,-88.31612999999999
Bannockburn,42.19420000000008,-87.86725999999999
Barrington Hills,42.11430000000007,-88.18250999999998
Barrington,42.15316000000007,-88.13602999999995
Bartlett,41.991820000000075,-88.18458999999996
Batavia,41.85000000000008,-88.30842999999999
Beach Park,42.42928000000006,-87.85010999999997
Bedford Park,41.77073000000007,-87.81824999999998
Bellwood,41.88193000000007,-87.86695999999995
Bensenville,41.95604000000003,-87.94105999999994
Berkeley,41.882220000000075,-87.91471999999999
Berwyn,41.843290000000025,-87.79079999999999
Bloomingdale,41.95065000000005,-88.08084999999994
Blue Island,41.65533000000005,-87.68005999999997
Bolingbrook,41.698210000000074,-88.07963999999998
Bridgeview,41.754980000000046,-87.80479999999994
Broadview,41.86171000000007,-87.86273999999997
Brookfield,41.823060000000055,-87.84010999999998
Buffalo Grove,42.15375000000006,-87.96626999999995
Bull Valley,42.302760000000035,-88.35269999999997
Burbank,41.748380000000054,-87.78408999999994
Burnham,41.63833000000005,-87.55553999999995
Burr Ridge,41.750320000000045,-87.91545999999994
Calumet City,41.615530000000035,-87.53017999999997
Calumet Park,41.667620000000056,-87.65373999999997
Campton Hills,41.93629000000004,-88.39740999999998
Carol Stream,41.91593000000006,-88.12055999999995
Carpentersville,42.11823000000004,-88.26451999999995
Cary,42.20431000000008,-88.25486999999998
Channahon,41.43712000000005,-88.22079999999994
Chicago Heights,41.50247000000007,-87.64058999999997
Chicago Ridge,41.70315000000005,-87.77931999999998
Cicero,41.85120000000006,-87.74672999999996
Clarendon Hills,41.79911000000004,-87.95494999999994
Country Club Hills,41.55713000000003,-87.71887999999996
Countryside,41.790230000000065,-87.85890999999998
Crest Hill,41.55471000000006,-88.12552999999997
Crestwood,41.64119000000005,-87.73785999999996
Crete,41.44450000000006,-87.63279999999997
Crystal Lake,42.245490000000075,-88.32396999999997
Darien,41.74533000000008,-87.98373999999995
Deer Park,42.171880000000044,-88.09104999999994
Deerfield,42.16905000000003,-87.84620999999999
Des Plaines,42.04229000000004,-87.88918999999999
Dixmoor,41.62626000000006,-87.65661999999998
Dolton,41.640100000000075,-87.60993999999994
Downers Grove,41.79534000000007,-88.00650999999993
East Dundee,42.10164000000003,-88.27660999999995
East Hazel Crest,41.576790000000074,-87.64851999999996
Elk Grove Village,42.00323000000003,-88.00918999999999
Elmhurst,41.903850000000034,-87.93987999999996
Elmwood Park,41.92720000000003,-87.81846999999999
Evanston,42.05702000000008,-87.68644999999998
Evergreen Park,41.72243000000003,-87.70191999999997
Flossmoor,41.54257000000007,-87.68379999999996
Ford Heights,41.50781000000006,-87.59209999999996
Forest Park,41.87757000000005,-87.81434999999999
Forest View,41.80859000000004,-87.79761999999994
Fort Sheridan,42.21605000000005,-87.80891999999994
Fox Lake,42.38939000000005,-88.15788999999995
Frankfort,41.497690000000034,-87.86209999999994
Franklin Park,41.93682000000007,-87.86409999999995
Geneva,41.887410000000045,-88.30510999999996
Glen Ellyn,41.87546000000003,-88.06611999999996
Glencoe,42.13458000000003,-87.75490999999994
Glendale Heights,41.91031000000004,-88.07173999999998
Glenview,42.077950000000044,-87.79852999999997
Glenwood,41.54595000000006,-87.61373999999995
Golf,42.05809000000005,-87.79564999999997
Gurnee,42.36495000000008,-87.91440999999998
Hanover Park,41.99145000000004,-88.15908999999994
Harvey,41.61153000000007,-87.64457999999996
Harwood Heights,41.96365000000003,-87.80754999999994
Hazel Crest,41.57924000000003,-87.68783999999994
Hickory Hills,41.71826000000004,-87.83433999999994
Highland Park,42.18569000000008,-87.79919999999998
Highwood,42.20195000000007,-87.80884999999995
Hillside,41.878580000000056,-87.90812999999997
Hinsdale,41.80368000000004,-87.92747999999995
Hodgkins,41.771960000000036,-87.85470999999995
Hoffman Estates,42.06298000000004,-88.12294999999995
Hometown,41.72965000000005,-87.72906999999998
Homewood,41.56260000000003,-87.66588999999999
Indian Head Park,41.76953000000003,-87.89697999999999
Inverness,42.12449000000004,-88.07803999999999
Itasca,41.97144000000003,-88.02138999999994
Joliet,41.52493000000004,-88.08458999999993
Justice,41.749460000000056,-87.83873999999997
Kenilworth,42.08721000000003,-87.71726999999998
La Grange Park,41.82305000000008,-87.87378999999999
La Grange,41.81399000000005,-87.86958999999996
Lake Bluff,42.278860000000066,-87.84424999999999
Lake Forest,42.25103000000007,-87.84172999999998
Lake Zurich,42.19747000000007,-88.09125999999998
Lansing,41.56448000000006,-87.54416999999995
Lemont,41.67494000000005,-87.99748999999997
Libertyville,42.28785000000005,-87.95342999999997
Lily Lake,41.94841000000008,-88.47697999999997
Lincolnwood,42.00715000000008,-87.73351999999994
Lisle,41.79884000000004,-88.07190999999995
Lockport,41.58896000000004,-88.05590999999998
Lombard,41.867560000000026,-88.01107999999994
Lynwood,41.505660000000034,-87.53299999999996
Lyons,41.82013000000006,-87.81585999999999
Markham,41.59305000000006,-87.69421999999997
Matteson,41.51710000000003,-87.73471999999998
Maywood,41.88796000000008,-87.83921999999995
McCook,41.79792000000003,-87.83306999999996
McHenry,42.32621000000006,-88.26730999999995
Medinah,41.97892000000007,-88.05141999999995
Melrose Park,41.896430000000066,-87.86411999999996
Merrionette Park,41.684300000000064,-87.69884999999994
Midlothian,41.623500000000035,-87.71770999999995
Minooka,41.448030000000074,-88.25928999999996
Mokena,41.534260000000074,-87.88467999999995
Morton Grove,42.03816000000006,-87.78005999999993
Mount Prospect,42.06642000000005,-87.93728999999996
Mundelein,42.27000000000004,-87.99645999999996
Naperville,41.770830000000046,-88.15301999999997
New Lenox,41.512110000000064,-87.96886999999998
Niles,42.02621000000005,-87.80076999999994
Norridge,41.95374000000004,-87.81457999999998
North Chicago,42.325960000000066,-87.85612999999995
North Riverside,41.84554000000003,-87.82294999999993
Northbrook,42.13059000000004,-87.83153999999996
Northfield,42.10112000000004,-87.77054999999996
Northlake,41.90709000000004,-87.89978999999994
Oak Brook,41.83248000000003,-87.94589999999994
Oak Forest,41.61330000000004,-87.75633999999997
Oak Lawn,41.72050000000007,-87.75268999999997
Oak Park,41.88003000000003,-87.77874999999995
Oakbrook Terrace,41.85488000000004,-87.96351999999996
Olympia Fields,41.513370000000066,-87.67420999999996
Orland Hills,41.59862000000004,-87.84781999999996
Orland Park,41.617590000000064,-87.85358999999994
Oswego,41.68327000000005,-88.35284999999999
Palatine,42.113060000000075,-88.03659999999996
Palos Heights,41.67512000000005,-87.80661999999995
Palos Hills,41.70378000000005,-87.82922999999994
Palos Park,41.666870000000074,-87.84008999999998
Park Forest,41.48250000000007,-87.68189999999998
Park Ridge,42.00860000000006,-87.83039999999994
Phoenix,41.61540000000008,-87.63211999999999
Plainfield,41.60845000000006,-88.21207999999996
Posen,41.626310000000046,-87.68021999999996
Prospect Heights,42.09687000000008,-87.93675999999994
Richton Park,41.48431000000005,-87.72407999999996
River Forest,41.888100000000065,-87.81965999999994
River Grove,41.927580000000034,-87.83569999999997
Riverdale,41.63354000000004,-87.62596999999994
Riverside,41.82661000000007,-87.81888999999995
Riverwoods,42.15915000000007,-87.89709999999997
Robbins,41.644220000000075,-87.70178999999996
Rolling Meadows,42.08108000000004,-88.02755999999994
Romeoville,41.63925000000006,-88.11265999999995
Roselle,41.983130000000074,-88.07768999999996
Rosemont,41.995310000000075,-87.88450999999998
Round Lake Beach,42.383890000000065,-88.07102999999995
Sauk Village,41.494710000000055,-87.55804999999998
Schaumburg,42.026170000000036,-88.06541999999996
Schiller Park,41.95494000000008,-87.86692999999997
Skokie,42.02634000000006,-87.75544999999994
South Barrington,42.09142000000003,-88.12173999999999
South Chicago Heights,41.47900000000004,-87.63743999999997
South Holland,41.600730000000055,-87.61000999999999
St. Charles,41.913770000000056,-88.31276999999994
Steger,41.46982000000003,-87.63816999999995
Stickney,41.82140000000004,-87.78683999999998
Stone Park,41.901860000000056,-87.88374999999996
Streamwood,42.01210000000003,-88.17557999999997
Summit,41.78454000000005,-87.80388999999997
Thornton,41.568400000000054,-87.61133999999998
Tinley Park,41.59725000000003,-87.78516999999994
University Park,41.446330000000046,-87.68646999999999
Villa Park,41.88955000000004,-87.97912999999994
Warrenville,41.823510000000056,-88.18155999999999
Waukegan,42.36208000000005,-87.83386999999999
Wayne,41.950540000000046,-88.24738999999994
West Chicago,41.88203000000004,-88.20103999999998
Westchester,41.86331000000007,-87.88012999999995
Western Springs,41.81007000000005,-87.89777999999995
Westmont,41.795240000000035,-87.97677999999996
Wheaton,41.86606000000006,-88.11018999999999
Wheeling,42.13955000000004,-87.91572999999994
Willow Springs,41.736330000000066,-87.86977999999993
"Willowbrook, DuPage County",41.74854000000005,-87.94083999999998
Wilmette,42.075680000000034,-87.70764999999994
Winfield,41.87050000000005,-88.15716999999995
Winnetka,42.105810000000076,-87.73366999999996
